view_by,time_since_index_days,total_patients,active_patients,active_rate
Daily,0,100000,100000,100.0
Daily,30,100000,70000,70.0
Daily,90,100000,57999,58.0
Daily,180,100000,52000,52.0
Daily,365,100000,49800,49.8
Monthly,0,100000,100000,100.0
Monthly,30,100000,70000,70.0
Monthly,90,100000,57999,58.0
Monthly,180,100000,52000,52.0
Monthly,365,100000,49800,49.8
36d,0,100000,100000,100.0
36d,30,100000,70000,70.0
36d,90,100000,57999,58.0
36d,180,100000,52000,52.0
36d,365,100000,49800,49.8
72d,0,100000,100000,100.0
72d,30,100000,70000,70.0
72d,90,100000,57999,58.0
72d,180,100000,52000,52.0
72d,365,100000,49800,49.8
